-- company

INSERT INTO Company (company_name,company_type,password) values
	('Southern_Airlines', 'Flight', '123456'),
    ('Eastern_Airlines', 'Flight', '123456'),
    ('Sichuan_Airlines', 'Flight', '123456');

INSERT INTO Company (company_name,company_type,password) values
    ('Hilton', 'Hotel', '123456'),
    ('MGM', 'Hotel', '123456'),
    ('HanTing_Hotel', 'Hotel', '123456');

INSERT INTO Company (company_name,company_type,password) values
	('Shenzhoue_Rental', 'Rental', '123456'),
	('Extreme_Rental', 'Rental', '123456');
INSERT INTO Company (company_name,company_type,password) values
	('Gread_Wall', 'Attraction', '123456'),
	('Forbidden_City', 'Attraction', '123456');


-- user
INSERT INTO User values(1, 'admin', '123','admin');
INSERT INTO User values(2, '123', '123','user');

-- flight
-- 插入 FlightInfo 表数据
INSERT INTO FlightInfo (flight_id, departure_city, arrival_city, departure_time, price, rating, company_id) VALUES
    (1, '上海', '北京', '2024-12-01 08:00:00', 800.00, 4.5, 1),
    (2, '广州', '深圳', '2024-12-02 09:30:00', 600.00, 4.6, 2),
    (3, '成都', '重庆', '2024-12-03 10:45:00', 750.00, 4.4, 3),
    (4, '西安', '杭州', '2024-12-04 12:00:00', 850.00, 4.7, 1),
    (5, '武汉', '南京', '2024-12-05 13:15:00', 700.00, 4.3, 2),
    (6, '青岛', '大连', '2024-12-06 14:30:00', 500.00, 4.2, 3),
    (7, '沈阳', '哈尔滨', '2024-12-07 15:45:00', 650.00, 4.5, 1),
    (8, '长春', '济南', '2024-12-08 17:00:00', 550.00, 4.4, 2),
    (9, '郑州', '石家庄', '2024-12-09 18:15:00', 600.00, 4.3, 3),
    (10, '太原', '南昌', '2024-12-10 19:30:00', 700.00, 4.6, 1),
    (11, '福州', '厦门', '2024-12-11 08:30:00', 400.00, 4.2, 2),
    (12, '昆明', '贵阳', '2024-12-12 09:45:00', 550.00, 4.4, 3),
    (13, '兰州', '银川', '2024-12-13 11:00:00', 500.00, 4.3, 1),
    (14, '乌鲁木齐', '呼和浩特', '2024-12-14 12:15:00', 650.00, 4.5, 2),
    (15, '南宁', '海口', '2024-12-15 13:30:00', 600.00, 4.4, 3),
    (16, '三亚', '拉萨', '2024-12-16 14:45:00', 1000.00, 4.8, 1),
    (17, '西宁', '石嘴山', '2024-12-17 16:00:00', 850.00, 4.6, 2),
    (18, '鄂尔多斯', '包头', '2024-12-18 17:15:00', 750.00, 4.5, 3),
    (19, '桂林', '南宁', '2024-12-19 18:30:00', 800.00, 4.6, 1),
    (20, '遵义', '毕节', '2024-12-20 19:45:00', 900.00, 4.7, 2),
    (21, '六盘水', '铜仁', '2024-12-21 08:00:00', 750.00, 4.5, 3),
    (22, '安顺', '黔西南', '2024-12-22 09:15:00', 700.00, 4.4, 1),
    (23, '黔东南', '黔南', '2024-12-23 10:30:00', 800.00, 4.5, 2),
    (24, '长沙', '郑州', '2024-12-24 11:45:00', 850.00, 4.7, 3),
    (25, '北京', '上海', '2024-12-25 13:00:00', 900.00, 4.8, 1),
    (26, '广州', '北京', '2024-12-26 14:15:00', 750.00, 4.5, 2),
    (27, '深圳', '杭州', '2024-12-27 15:30:00', 800.00, 4.6, 3),
    (28, '西安', '成都', '2024-12-28 16:45:00', 850.00, 4.7, 1),
    (29, '武汉', '南京', '2024-12-29 18:00:00', 700.00, 4.4, 2),
    (30, '青岛', '大连', '2024-12-30 19:15:00', 800.00, 4.6, 3),
    (31, '沈阳', '哈尔滨', '2024-12-31 08:30:00', 900.00, 4.7, 1),
    (32, '长春', '济南', '2025-01-01 09:45:00', 850.00, 4.5, 2),
    (33, '郑州', '石家庄', '2025-01-02 11:00:00', 800.00, 4.4, 3),
    (34, '太原', '南昌', '2025-01-03 12:15:00', 700.00, 4.3, 1),
    (35, '福州', '厦门', '2025-01-04 13:30:00', 900.00, 4.6, 2),
    (36, '昆明', '贵阳', '2025-01-05 14:45:00', 950.00, 4.8, 3),
    (37, '兰州', '银川', '2025-01-06 16:00:00', 800.00, 4.5, 1),
    (38, '乌鲁木齐', '呼和浩特', '2025-01-07 17:15:00', 850.00, 4.6, 2),
    (39, '鄂尔多斯', '包头', '2025-01-08 18:30:00', 900.00, 4.7, 3),
    (40, '桂林', '南宁', '2025-01-09 19:45:00', 950.00, 4.8, 1),
    (41, '遵义', '毕节', '2025-01-10 08:00:00', 1000.00, 4.9, 2),
    (42, '六盘水', '铜仁', '2025-01-11 09:15:00', 850.00, 4.6, 3),
    (43, '安顺', '黔西南', '2025-01-12 10:30:00', 900.00, 4.7, 1),
    (44, '黔东南', '黔南', '2025-01-13 11:45:00', 950.00, 4.8, 2),
    (45, '长沙', '郑州', '2025-01-14 13:00:00', 1000.00, 4.9, 3),
    (46, '北京', '上海', '2025-01-15 14:15:00', 800.00, 4.5, 1),
    (47, '广州', '北京', '2025-01-16 15:30:00', 850.00, 4.6, 2),
    (48, '深圳', '杭州', '2025-01-17 16:45:00', 900.00, 4.7, 3),
    (49, '西安', '成都', '2025-01-18 18:00:00', 950.00, 4.8, 1),
    (50, '武汉', '南京', '2025-01-19 19:15:00', 1000.00, 4.9, 2);

INSERT INTO FlightInfo (flight_id, departure_city, arrival_city, departure_time, price, rating, company_id) VALUES
    (51, '上海', '北京', '2024-12-01 08:00:00', 600.00, 4.3, 1),
    (52, '上海', '北京', '2024-12-01 18:00:00', 750.00, 4.1, 3),
    (53, '上海', '北京', '2024-12-01 16:00:00', 830.00, 4.7, 2),
    (54, '上海', '北京', '2024-12-01 13:00:00', 630.00, 4.2, 2),
    (55, '上海', '北京', '2024-12-01 05:00:00', 370.00, 4.5, 3),
    (56, '上海', '北京', '2024-12-01 03:00:00', 200.00, 4.9, 1),
    (57, '上海', '北京', '2024-12-01 14:00:00', 790.00, 4.3, 2);


-- hotel
-- create table Hotel(hotel_id int primary key, hotel_name varchar(255) not null, city varchar(255) not null, rating float not null, company_id int, foreign key(company_id) references Company(company_id));
-- 插入 Hotel 表数据
INSERT INTO Hotel (hotel_id, hotel_name, city, rating, company_id) VALUES
    (1, 'Hilton 上海虹桥', '上海', 4.7, 4),
    (2, 'MGM 广州天河', '广州', 4.6, 5),
    (3, 'HanTing_Hotel 深圳福田', '深圳', 4.5, 6),
    (4, 'Hilton 北京CBD', '北京', 4.8, 4),
    (5, 'MGM 南京中央', '南京', 4.4, 5),
    (6, 'HanTing_Hotel 青岛市南', '青岛', 4.5, 6),
    (7, 'Hilton 西安高新', '西安', 4.6, 4),
    (8, 'MGM 成都锦江', '成都', 4.3, 5),
    (9, 'HanTing_Hotel 重庆渝中', '重庆', 4.4, 6),
    (10, 'Hilton 沈阳和平', '沈阳', 4.5, 4),
    (11, 'MGM 哈尔滨中央', '哈尔滨', 4.6, 5),
    (12, 'HanTing_Hotel 长春南湖', '长春', 4.2, 6),
    (13, 'Hilton 济南历下', '济南', 4.3, 4),
    (14, 'MGM 郑州中原', '郑州', 4.4, 5),
    (15, 'HanTing_Hotel 石家庄桥东', '石家庄', 4.5, 6),
    (16, 'Hilton 太原迎泽', '太原', 4.3, 4),
    (17, 'MGM 南昌滕王阁', '南昌', 4.2, 5),
    (18, 'HanTing_Hotel 福州鼓楼', '福州', 4.3, 6),
    (19, 'Hilton 厦门思明', '厦门', 4.4, 4),
    (20, 'MGM 昆明翠湖', '昆明', 4.5, 5),
    (21, 'HanTing_Hotel 贵阳甲秀楼', '贵阳', 4.6, 6),
    (22, 'Hilton 兰州城关', '兰州', 4.4, 4),
    (23, 'MGM 银川兴庆', '银川', 4.3, 5),
    (24, 'HanTing_Hotel 乌鲁木齐天山', '乌鲁木齐', 4.5, 6),
    (25, 'Hilton 呼和浩特新城区', '呼和浩特', 4.4, 4),
    (26, 'MGM 南宁青秀', '南宁', 4.3, 5),
    (27, 'HanTing_Hotel 海口美兰', '海口', 4.5, 6),
    (28, 'Hilton 三亚亚龙湾', '三亚', 4.7, 4),
    (29, 'MGM 拉萨大昭寺', '拉萨', 4.8, 5),
    (30, 'HanTing_Hotel 西宁城西', '西宁', 4.5, 6),
    (31, 'Hilton 石嘴山沙湖', '石嘴山', 4.2, 4),
    (32, 'MGM 鄂尔多斯东胜', '鄂尔多斯', 4.3, 5),
    (33, 'HanTing_Hotel 包头昆都仑', '包头', 4.4, 6),
    (34, 'Hilton 桂林象鼻山', '桂林', 4.6, 4),
    (35, 'MGM 南宁会展中心', '南宁', 4.5, 5),
    (36, 'HanTing_Hotel 贵阳花果园', '贵阳', 4.4, 6),
    (37, 'Hilton 遵义红军山', '遵义', 4.3, 4),
    (38, 'MGM 毕节百里杜鹃', '毕节', 4.2, 5),
    (39, 'HanTing_Hotel 六盘水水城', '六盘水', 4.1, 6),
    (40, 'Hilton 铜仁武陵源', '铜仁', 4.3, 4),
    (41, 'MGM 安顺黄果树', '安顺', 4.2, 5),
    (42, 'HanTing_Hotel 黔西南马岭', '黔西南', 4.4, 6),
    (43, 'Hilton 黔东南黎平', '黔东南', 4.5, 4),
    (44, 'MGM 黔南荔波', '黔南', 4.3, 5),
    (45, 'HanTing_Hotel 重庆洪崖洞', '重庆', 4.6, 6),
    (46, 'Hilton 长沙橘子洲', '长沙', 4.5, 4),
    (47, 'MGM 郑州绿博园', '郑州', 4.7, 5),
    (48, 'HanTing_Hotel 北京朝阳', '北京', 4.8, 6),
    (49, 'Hilton 上海浦东', '上海', 4.7, 4),
    (50, 'MGM 广州天河城', '广州', 4.6, 5);

-- roomInfo
-- drop table if exists RoomInfo;
-- create table RoomInfo(room_id int primary key, room_number varchar(255) not null, room_type varchar(255) not null, room_price decimal(10, 2), hotel_id int, foreign key(hotel_id) references Hotel(hotel_id));

-- 插入 RoomInfo 表数据
INSERT INTO RoomInfo (room_id, room_number, room_type, room_price, hotel_id) VALUES
    (1, '101', '标准间', 500.00, 1),
    (2, '102', '豪华间', 800.00, 1),
    (3, '103', '套房', 1500.00, 1),
    (4, '201', '标准间', 450.00, 2),
    (5, '202', '豪华间', 700.00, 2),
    (6, '203', '套房', 1400.00, 2),
    (7, '301', '标准间', 400.00, 3),
    (8, '302', '豪华间', 650.00, 3),
    (9, '303', '套房', 1300.00, 3),
    (10, '401', '标准间', 550.00, 4),
    (11, '402', '豪华间', 900.00, 4),
    (12, '403', '套房', 1600.00, 4),
    (13, '501', '标准间', 400.00, 5),
    (14, '502', '豪华间', 750.00, 5),
    (15, '503', '套房', 1400.00, 5),
    (16, '601', '标准间', 500.00, 6),
    (17, '602', '豪华间', 850.00, 6),
    (18, '603', '套房', 1550.00, 6),
    (19, '701', '标准间', 500.00, 7),
    (20, '702', '豪华间', 800.00, 7),
    (21, '703', '套房', 1500.00, 7),
    (22, '801', '标准间', 450.00, 8),
    (23, '802', '豪华间', 750.00, 8),
    (24, '803', '套房', 1450.00, 8),
    (25, '901', '标准间', 500.00, 9),
    (26, '902', '豪华间', 850.00, 9),
    (27, '903', '套房', 1600.00, 9),
    (28, '1001', '标准间', 600.00, 10),
    (29, '1002', '豪华间', 1000.00, 10),
    (30, '1003', '套房', 1800.00, 10),
    (31, '1101', '标准间', 550.00, 11),
    (32, '1102', '豪华间', 900.00, 11),
    (33, '1103', '套房', 1700.00, 11),
    (34, '1201', '标准间', 450.00, 12),
    (35, '1202', '豪华间', 800.00, 12),
    (36, '1203', '套房', 1600.00, 12),
    (37, '1301', '标准间', 400.00, 13),
    (38, '1302', '豪华间', 750.00, 13),
    (39, '1303', '套房', 1400.00, 13),
    (40, '1401', '标准间', 500.00, 14),
    (41, '1402', '豪华间', 850.00, 14),
    (42, '1403', '套房', 1550.00, 14),
    (43, '1501', '标准间', 450.00, 15),
    (44, '1502', '豪华间', 800.00, 15),
    (45, '1503', '套房', 1500.00, 15),
    (46, '1601', '标准间', 400.00, 16),
    (47, '1602', '豪华间', 750.00, 16),
    (48, '1603', '套房', 1400.00, 16),
    (49, '1701', '标准间', 450.00, 17),
    (50, '1702', '豪华间', 800.00, 17);

-- rent car
-- drop table if exists CarRental;
-- create table CarRental(carrental_id int primary key, car_type varchar(255) not null, transmission_type varchar(255) not null, rental_location varchar(255), return_location varchar(255), price decimal(10, 2) not null, rating float not null, company_id int, foreign key (company_id) references Company(company_id) );

-- 插入 CarRental 表数据
INSERT INTO CarRental (carrental_id, car_type, transmission_type, rental_location, return_location, price, rating, company_id) VALUES
    (1, '电动车', '自动挡', '上海', '上海', 300.00, 4.5, 7),
    (2, '燃油车', '手动挡', '上海', '上海', 350.00, 4.3, 7),
    (3, '增程', '自动挡', '上海', '上海', 400.00, 4.6, 7),
    (4, '电动车', '自动挡', '广州', '广州', 320.00, 4.4, 8),
    (5, '燃油车', '手动挡', '广州', '广州', 370.00, 4.5, 8),
    (6, '增程', '自动挡', '广州', '广州', 420.00, 4.7, 7),
    (7, '电动车', '自动挡', '深圳', '深圳', 310.00, 4.5, 8),
    (8, '燃油车', '手动挡', '深圳', '深圳', 360.00, 4.4, 7),
    (9, '增程', '自动挡', '深圳', '深圳', 410.00, 4.6, 8),
    (10, '电动车', '自动挡', '杭州', '杭州', 330.00, 4.5, 7),
    (11, '燃油车', '手动挡', '杭州', '杭州', 380.00, 4.3, 8),
    (12, '增程', '自动挡', '杭州', '杭州', 430.00, 4.7, 7),
    (13, '电动车', '自动挡', '西安', '西安', 300.00, 4.4, 8),
    (14, '燃油车', '手动挡', '西安', '西安', 350.00, 4.5, 7),
    (15, '增程', '自动挡', '西安', '西安', 400.00, 4.6, 8),
    (16, '电动车', '自动挡', '成都', '成都', 320.00, 4.5, 7),
    (17, '燃油车', '手动挡', '成都', '成都', 370.00, 4.4, 8),
    (18, '增程', '自动挡', '成都', '成都', 420.00, 4.7, 7),
    (19, '电动车', '自动挡', '重庆', '重庆', 310.00, 4.5, 8),
    (20, '燃油车', '手动挡', '重庆', '重庆', 360.00, 4.3, 7),
    (21, '增程', '自动挡', '重庆', '重庆', 410.00, 4.6, 8),
    (22, '电动车', '自动挡', '武汉', '武汉', 330.00, 4.4, 7),
    (23, '燃油车', '手动挡', '武汉', '武汉', 380.00, 4.5, 8),
    (24, '增程', '自动挡', '武汉', '武汉', 430.00, 4.7, 7),
    (25, '电动车', '自动挡', '南京', '南京', 300.00, 4.5, 8),
    (26, '燃油车', '手动挡', '南京', '南京', 350.00, 4.3, 7),
    (27, '增程', '自动挡', '南京', '南京', 400.00, 4.6, 8),
    (28, '电动车', '自动挡', '青岛', '青岛', 320.00, 4.5, 7),
    (29, '燃油车', '手动挡', '青岛', '青岛', 370.00, 4.4, 8),
    (30, '增程', '自动挡', '青岛', '青岛', 420.00, 4.7, 7),
    (31, '电动车', '自动挡', '大连', '大连', 310.00, 4.5, 8),
    (32, '燃油车', '手动挡', '大连', '大连', 360.00, 4.3, 7),
    (33, '增程', '自动挡', '大连', '大连', 410.00, 4.6, 8),
    (34, '电动车', '自动挡', '沈阳', '沈阳', 330.00, 4.4, 7),
    (35, '燃油车', '手动挡', '沈阳', '沈阳', 380.00, 4.5, 8),
    (36, '增程', '自动挡', '沈阳', '沈阳', 430.00, 4.7, 7),
    (37, '电动车', '自动挡', '哈尔滨', '哈尔滨', 300.00, 4.5, 8),
    (38, '燃油车', '手动挡', '哈尔滨', '哈尔滨', 350.00, 4.3, 7),
    (39, '增程', '自动挡', '哈尔滨', '哈尔滨', 400.00, 4.6, 8),
    (40, '电动车', '自动挡', '长春', '长春', 320.00, 4.5, 7),
    (41, '燃油车', '手动挡', '长春', '长春', 370.00, 4.4, 8),
    (42, '增程', '自动挡', '长春', '长春', 420.00, 4.7, 7),
    (43, '电动车', '自动挡', '济南', '济南', 300.00, 4.5, 8),
    (44, '燃油车', '手动挡', '济南', '济南', 350.00, 4.3, 7),
    (45, '增程', '自动挡', '济南', '济南', 400.00, 4.6, 8),
    (46, '电动车', '自动挡', '郑州', '郑州', 320.00, 4.5, 7),
    (47, '燃油车', '手动挡', '郑州', '郑州', 370.00, 4.4, 8),
    (48, '增程', '自动挡', '郑州', '郑州', 420.00, 4.7, 7),
    (49, '电动车', '自动挡', '石家庄', '石家庄', 310.00, 4.5, 8),
    (50, '燃油车', '手动挡', '石家庄', '石家庄', 360.00, 4.3, 7);
INSERT INTO CarRental (carrental_id, car_type, transmission_type, rental_location, return_location, price, rating, company_id) VALUES
    (51, '电动车', '自动挡', '北京', '北京', 320.00, 4.5, 7),
    (52, '燃油车', '手动挡', '北京', '北京', 370.00, 4.4, 8),
    (53, '增程', '自动挡', '北京', '北京', 420.00, 4.6, 7),
    (54, '电动车', '自动挡', '北京', '北京', 310.00, 4.5, 8),
    (55, '燃油车', '手动挡', '北京', '北京', 360.00, 4.4, 7),
    (56, '增程', '自动挡', '北京', '北京', 430.00, 4.7, 8),
    (57, '电动车', '自动挡', '北京', '北京', 330.00, 4.6, 7),
    (58, '燃油车', '手动挡', '北京', '北京', 390.00, 4.5, 8),
    (59, '增程', '自动挡', '北京', '北京', 450.00, 4.8, 7),
    (60, '电动车', '自动挡', '北京', '北京', 340.00, 4.5, 8);
-- 景点
-- drop table if exists Attraction;
-- CREATE TABLE Attraction (attraction_id int PRIMARY KEY, attraction_name VARCHAR(255), city varchar(255), price decimal(10, 2) not null, rating float not null, company_id INT, FOREIGN KEY (company_id) REFERENCES Company(company_id) );

-- 插入 Attraction 表数据
INSERT INTO Attraction (attraction_id, attraction_name, city, price, rating, company_id) VALUES
    (1, '长城', '北京', 100.00, 4.8, 9),
    (2, '故宫博物院', '北京', 120.00, 4.9, 10),
    (3, '兵马俑', '西安', 110.00, 4.7, 9),
    (4, '西湖', '杭州', 80.00, 4.6, 10),
    (5, '黄山', '黄山', 150.00, 4.8, 9),
    (6, '张家界国家森林公园', '张家界', 200.00, 4.9, 10),
    (7, '丽江古城', '丽江', 90.00, 4.7, 9),
    (8, '布达拉宫', '拉萨', 180.00, 4.9, 10),
    (9, '青海湖', '西宁', 70.00, 4.5, 9),
    (10, '大理古城', '大理', 85.00, 4.6, 10),
    (11, '桂林漓江', '桂林', 95.00, 4.7, 9),
    (12, '九寨沟', '阿坝', 160.00, 4.8, 10),
    (13, '黄果树瀑布', '安顺', 100.00, 4.7, 9),
    (14, '东方明珠', '上海', 90.00, 4.6, 10),
    (15, '夫子庙', '南京', 60.00, 4.4, 9),
    (16, '苏州园林', '苏州', 80.00, 4.7, 10),
    (17, '鼓浪屿', '厦门', 100.00, 4.8, 9),
    (18, '成都大熊猫基地', '成都', 70.00, 4.6, 10),
    (19, '深圳欢乐谷', '深圳', 60.00, 4.5, 9),
    (20, '哈尔滨冰雪大世界', '哈尔滨', 150.00, 4.8, 10),
    (21, '少林寺', '郑州', 80.00, 4.5, 9),
    (22, '西安城墙', '西安', 70.00, 4.6, 10),
    (23, '黄鹤楼', '武汉', 60.00, 4.4, 9),
    (24, '趵突泉', '济南', 50.00, 4.3, 10),
    (25, '沈阳故宫', '沈阳', 60.00, 4.5, 9),
    (26, '老虎滩', '大连', 70.00, 4.6, 10),
    (27, '兰州黄河风情线', '兰州', 50.00, 4.2, 9),
    (28, '九原区', '包头', 40.00, 4.1, 10),
    (29, '天山天池', '乌鲁木齐', 120.00, 4.7, 9),
    (30, '大召寺', '呼和浩特', 50.00, 4.3, 10),
    (31, '青秀山', '南宁', 60.00, 4.5, 9),
    (32, '假日海滩', '海口', 70.00, 4.4, 10),
    (33, '亚龙湾', '三亚', 100.00, 4.8, 9),
    (34, '大昭寺', '拉萨', 90.00, 4.7, 10),
    (35, '塔尔寺', '西宁', 60.00, 4.4, 9),
    (36, '沙湖', '石嘴山', 80.00, 4.5, 10),
    (37, '草原', '鄂尔多斯', 100.00, 4.6, 9),
    (38, '象鼻山', '桂林', 90.00, 4.7, 10),
    (39, '红军山', '遵义', 70.00, 4.3, 9),
    (40, '百里杜鹃', '毕节', 80.00, 4.4, 10),
    (41, '红果山', '六盘水', 60.00, 4.2, 9),
    (42, '梵净山', '铜仁', 120.00, 4.8, 10),
    (43, '龙宫', '安顺', 90.00, 4.5, 9),
    (44, '七星关', '黔西南', 70.00, 4.3, 10),
    (45, '苗寨', '黔东南', 80.00, 4.4, 9),
    (46, '荔波樟江', '黔南', 100.00, 4.6, 10),
    (47, '武隆天生三桥', '重庆', 150.00, 4.7, 9),
    (48, '大足石刻', '重庆', 80.00, 4.5, 10),
    (49, '天生桥', '重庆', 90.00, 4.6, 9),
    (50, '洪崖洞', '重庆', 85.00, 4.5, 10);

-- 插入更多 Attraction 表数据
INSERT INTO Attraction (attraction_id, attraction_name, city, price, rating, company_id) VALUES
    (51, '北京鸟巢', '北京', 95.00, 4.7, 9),
    (52, '颐和园', '北京', 110.00, 4.8, 10),
    (53, '天安门广场', '北京', 80.00, 4.6, 9),
    (54, '圆明园', '北京', 100.00, 4.7, 10),
    (55, '十三陵', '北京', 90.00, 4.5, 9),
    (56, '国家博物馆', '北京', 120.00, 4.9, 10),
    (57, '鸟巢水立方', '北京', 85.00, 4.6, 9),
    (58, '北京动物园', '北京', 75.00, 4.4, 10),
    (59, '798艺术区', '北京', 70.00, 4.3, 9),
    (60, '北海公园', '北京', 60.00, 4.2, 10),
    (61, '天坛公园', '北京', 85.00, 4.5, 9),
    (62, '北京欢乐谷', '北京', 100.00, 4.6, 10),
    (63, '长城八达岭', '北京', 120.00, 4.8, 9),
    (64, '中央电视塔', '北京', 90.00, 4.7, 10),
    (65, '明十三陵', '北京', 110.00, 4.6, 9),
    (66, '北京植物园', '北京', 70.00, 4.3, 10),
    (67, '北京科技馆', '北京', 80.00, 4.5, 9),
    (68, '北京天文馆', '北京', 75.00, 4.4, 10),
    (69, '北京植物园', '北京', 85.00, 4.5, 9),
    (70, '中国国家图书馆', '北京', 60.00, 4.2, 10),
    (71, '北京海洋馆', '北京', 90.00, 4.6, 9),
    (72, '北京历史博物馆', '北京', 100.00, 4.7, 10),
    (73, '北京天文馆', '北京', 80.00, 4.4, 9),
    (74, '北京奥林匹克公园', '北京', 70.00, 4.3, 10),
    (75, '北京音乐厅', '北京', 95.00, 4.5, 9),
    (76, '北京国家大剧院', '北京', 110.00, 4.8, 10),
    (77, '北京CBD', '北京', 85.00, 4.6, 9),
    (78, '北京动物园', '北京', 75.00, 4.4, 10),
    (79, '北京欢乐谷', '北京', 100.00, 4.6, 9),
    (80, '北京天坛公园', '北京', 65.00, 4.3, 10),
    (81, '北京圆明园', '北京', 105.00, 4.7, 9),
    (82, '北京国家博物馆', '北京', 125.00, 4.9, 10),
    (83, '北京中关村科技园', '北京', 80.00, 4.5, 9),
    (84, '北京798艺术区', '北京', 75.00, 4.4, 10),
    (85, '北京天安门', '北京', 90.00, 4.6, 9),
    (86, '北京故宫东门', '北京', 110.00, 4.8, 10),
    (87, '北京鸟巢水立方', '北京', 95.00, 4.7, 9),
    (88, '北京天文馆', '北京', 85.00, 4.5, 10),
    (89, '北京植物园', '北京', 70.00, 4.3, 9),
    (90, '北京中央电视塔', '北京', 100.00, 4.6, 10),
    (91, '北京长城居庸关', '北京', 130.00, 4.8, 9),
    (92, '北京国家大剧院', '北京', 120.00, 4.9, 10),
    (93, '北京中央商务区', '北京', 85.00, 4.5, 9),
    (94, '北京欢乐谷', '北京', 100.00, 4.6, 10),
    (95, '北京国家体育场', '北京', 115.00, 4.7, 9),
    (96, '北京东方艺术中心', '北京', 90.00, 4.5, 10),
    (97, '北京科技馆', '北京', 80.00, 4.4, 9),
    (98, '北京中央电视塔', '北京', 105.00, 4.6, 10),
    (99, '北京天安门广场', '北京', 95.00, 4.7, 9),
    (100, '北京故宫西门', '北京', 115.00, 4.8, 10);

-- 插入 Guide 表数据
INSERT INTO Guide (guide_id, guide_name, guide_phone, price, rating) VALUES
    (1, '赵导游', '13711112222', 250.00, 4.6),
    (2, '钱导游', '13822223333', 230.00, 4.5),
    (3, '孙导游', '13933334444', 270.00, 4.8),
    (4, '李导游', '13644445555', 210.00, 4.4),
    (5, '周导游', '13555556666', 260.00, 4.7),
    (6, '吴导游', '13466667777', 240.00, 4.5),
    (7, '郑导游', '13377778888', 280.00, 4.9),
    (8, '王导游', '13288889999', 220.00, 4.3),
    (9, '冯导游', '13199990000', 250.00, 4.6),
    (10, '陈导游', '13000001111', 240.00, 4.4),
    (11, '褚导游', '13911112222', 260.00, 4.7),
    (12, '卫导游', '13822223333', 230.00, 4.5),
    (13, '蒋导游', '13733334444', 270.00, 4.8),
    (14, '沈导游', '13644445555', 210.00, 4.4),
    (15, '韩导游', '13555556666', 260.00, 4.7),
    (16, '杨导游', '13466667777', 240.00, 4.5),
    (17, '朱导游', '13377778888', 280.00, 4.9),
    (18, '秦导游', '13288889999', 220.00, 4.3),
    (19, '尤导游', '13199990000', 250.00, 4.6),
    (20, '许导游', '13000001111', 240.00, 4.4),
    (21, '何导游', '13911112222', 260.00, 4.7),
    (22, '吕导游', '13822223333', 230.00, 4.5),
    (23, '施导游', '13733334444', 270.00, 4.8),
    (24, '张导游', '13644445555', 210.00, 4.4),
    (25, '孔导游', '13555556666', 260.00, 4.7),
    (26, '曹导游', '13466667777', 240.00, 4.5),
    (27, '严导游', '13377778888', 280.00, 4.9),
    (28, '华导游', '13288889999', 220.00, 4.3),
    (29, '金导游', '13199990000', 250.00, 4.6),
    (30, '魏导游', '13000001111', 240.00, 4.4),
    (31, '陶导游', '13911112222', 260.00, 4.7),
    (32, '姜导游', '13822223333', 230.00, 4.5),
    (33, '戚导游', '13733334444', 270.00, 4.8),
    (34, '谢导游', '13644445555', 210.00, 4.4);

INSERT INTO AtrrGuide (guide_id, attraction_id) VALUES
    (1, 1),  -- 赵导游 - 长城
    (1, 2),  -- 赵导游 - 故宫博物院
    (2, 3),  -- 钱导游 - 兵马俑
    (2, 4),  -- 钱导游 - 西湖
    (3, 5),  -- 孙导游 - 黄山
    (3, 6),  -- 孙导游 - 张家界国家森林公园
    (4, 7),  -- 李导游 - 丽江古城
    (4, 8),  -- 李导游 - 布达拉宫
    (5, 9),  -- 周导游 - 青海湖
    (5, 10), -- 周导游 - 大理古城
    (6, 11), -- 吴导游 - 桂林漓江
    (6, 12), -- 吴导游 - 九寨沟
    (7, 13), -- 郑导游 - 黄果树瀑布
    (7, 14), -- 郑导游 - 东方明珠
    (8, 15), -- 王导游 - 夫子庙
    (8, 16), -- 王导游 - 苏州园林
    (9, 17), -- 冯导游 - 鼓浪屿
    (9, 18), -- 冯导游 - 成都大熊猫基地
    (10, 19), -- 陈导游 - 深圳欢乐谷
    (10, 20), -- 陈导游 - 哈尔滨冰雪大世界
    (11, 21), -- 褚导游 - 少林寺
    (11, 22), -- 褚导游 - 西安城墙
    (12, 23), -- 卫导游 - 黄鹤楼
    (12, 24), -- 卫导游 - 趵突泉
    (13, 25), -- 蒋导游 - 沈阳故宫
    (13, 26), -- 蒋导游 - 老虎滩
    (14, 27), -- 沈导游 - 兰州黄河风情线
    (14, 28), -- 沈导游 - 九原区
    (15, 29), -- 韩导游 - 天山天池
    (15, 30), -- 韩导游 - 大召寺
    (16, 31), -- 杨导游 - 青秀山
    (16, 32), -- 杨导游 - 假日海滩
    (17, 33), -- 朱导游 - 亚龙湾
    (17, 34), -- 朱导游 - 大昭寺
    (18, 35), -- 秦导游 - 塔尔寺
    (18, 36), -- 秦导游 - 沙湖
    (19, 37), -- 尤导游 - 草原
    (19, 38), -- 尤导游 - 象鼻山
    (20, 39), -- 许导游 - 红军山
    (20, 40), -- 许导游 - 百里杜鹃
    (21, 41), -- 何导游 - 红果山
    (21, 42), -- 何导游 - 梵净山
    (22, 43), -- 吕导游 - 龙宫
    (22, 44), -- 吕导游 - 七星关
    (23, 45), -- 施导游 - 苗寨
    (23, 46), -- 施导游 - 荔波樟江
    (24, 47), -- 张导游 - 武隆天生三桥
    (24, 48), -- 张导游 - 大足石刻
    (25, 49), -- 孔导游 - 天生桥
    (25, 50), -- 孔导游 - 洪崖洞,
    -- 继续按照模式分配
    (26, 1),
    (26, 2),
    (27, 3),
    (27, 4),
    (28, 5),
    (28, 6),
    (29, 7),
    (29, 8),
    (30, 9),
    (30, 10),
    (31, 11),
    (31, 12),
    (32, 13),
    (32, 14),
    (33, 15),
    (33, 16),
    (34, 17),
    (34, 18);